{"cameraMode":{"drawMode":0,"name":"Shaded","section":"Shading Mode"},"sceneLighting":false,"audioPlay":false,"sceneViewState":{"m_AlwaysRefresh":false,"showFog":true,"showSkybox":false,"showFlares":true,"showImageEffects":true,"showParticleSystems":true,"showVisualEffectGraphs":true,"m_FxEnabled":true},"in2DMode":false,"pivot":{"x":2.4843740463256838,"y":6.720699310302734,"z":16.462526321411134},"rotation":{"x":0.006661915220320225,"y":0.6723374724388123,"z":-0.006051195785403252,"w":0.740190327167511},"size":46.927547454833987,"orthographic":false}